<beans:beans xmlns="http://www.springframework.org/schema/security"
xmlns:beans="http://www.springframework.org/schema/beans"
xmlns:xsi="http://www.w3.org/2001/XMLSchema-instance"
xsi:schemaLocation="http://www.springframework.org/schema/beans
http://www.springframework.org/schema/beans/spring-beans-3.0.xsd
http://www.springframework.org/schema/security
http://www.springframework.org/schema/security/spring-security-3.0.3.xsd">

    <!-- Security config-->
	<authentication-manager>
		<authentication-provider>
			<user-service>
				<user name="aschulze" password="123" authorities="USER" />
				<user name="psingh" password="123" authorities="USER" />
				<user name="quentin" password="123" authorities="USER" />
				<user name="jan" password="123" authorities="USER" />
				<user name="kyberneees" password="123" authorities="USER, ADMIN" />
			</user-service>
		</authentication-provider>
	</authentication-manager>

</beans:beans>