<?xml version="1.0" encoding="UTF-8"?>
<beans xmlns="http://www.springframework.org/schema/beans"
  xmlns:xsi="http://www.w3.org/2001/XMLSchema-instance"
  xsi:schemaLocation="http://www.springframework.org/schema/beans
  http://www.springframework.org/schema/beans/spring-beans-3.0.xsd">

 
	<!--  Filters-->
	<bean abstract="true" id="AbstractFilter" scope="singleton"
	init-method="initialize" destroy-method="shutdown">
		<property name="em" ref="EventModel" />
	</bean>
	<bean id="RouterFilter" class="org.jwebsocket.eventmodel.filter.router.RouterFilter" parent="AbstractFilter">
		<property name="id" value="router" />
	</bean>
	<bean id="SecurityFilter" class="org.jwebsocket.eventmodel.filter.security.SecurityFilter" parent="AbstractFilter">
		<property name="id" value="security" />
	</bean>
	<bean id="ValidatorFilter" class="org.jwebsocket.eventmodel.filter.validator.ValidatorFilter" parent="AbstractFilter">
		<property name="id" value="validator" />
		<property name="types" ref="TypesMap" />
		<property name="validateResponse" value="false" />
	</bean>
	<bean id="CacheFilter" class="org.jwebsocket.eventmodel.filter.cache.CacheFilter" parent="AbstractFilter">
		<property name="id" value="cache" />
		<property name="cacheBuilder">
			<bean class="org.jwebsocket.cachestorage.mongodb.MongoDBCacheStorageBuilder">
				<property name="con" ref="MongoDBConnection0" />
				<property name="databaseName" value="cache" />
				<property name="collectionName" value="cache_filter_entries" />
			</bean>
		</property>
		<property name="events">
			<set>
				<value>org.jwebsocket.eventmodel.event.filter.ResponseFromCache</value>
			</set>
		</property>
		<property name="emEvents">
			<set>
				<value>org.jwebsocket.eventmodel.event.filter.BeforeRouteResponseToken</value>
			</set>
		</property>
	</bean>
	<bean id="AnnotationFilter" class="org.jwebsocket.eventmodel.filter.annotation.AnnotationFilter" parent="AbstractFilter">
		<property name="id" value="annotation" />
	</bean>
	
	
	
	<import resource="app-filters/importer.xml" />
</beans>
