<?xml version="1.0" encoding="UTF-8"?>
<beans xmlns="http://www.springframework.org/schema/beans"
  xmlns:xsi="http://www.w3.org/2001/XMLSchema-instance"
  xsi:schemaLocation="http://www.springframework.org/schema/beans
  http://www.springframework.org/schema/beans/spring-beans-3.0.xsd">

  
<!-- Event Definitions-->
	<bean id="AbstractEventDefinition" abstract="true" class="org.jwebsocket.eventmodel.event.WebSocketEventDefinition"
		init-method="initialize" destroy-method="shutdown" scope="singleton">
	</bean>
	<bean id="EventDefinitionManager" class="org.jwebsocket.eventmodel.event.EventDefinitionManager"
	init-method="initialize" scope="singleton">
		<property name="set">
			<set>
				<bean parent="AbstractEventDefinition">
					<property name="id" value="connector.started" />
					<property name="ns" value="org.jwebsocket.eventmodel.event.em.ConnectorStarted" />
				</bean>
				<bean parent="AbstractEventDefinition">
					<property name="id" value="connector.stopped" />
					<property name="ns" value="org.jwebsocket.eventmodel.event.em.ConnectorStopped" />
				</bean>
				<bean parent="AbstractEventDefinition">
					<property name="id" value="engine.started" />
					<property name="ns" value="org.jwebsocket.eventmodel.event.em.EngineStarted" />
				</bean>
				<bean parent="AbstractEventDefinition">
					<property name="id" value="engine.stopped" />
					<property name="ns" value="org.jwebsocket.eventmodel.event.em.EngineStopped" />
				</bean>
				<bean parent="AbstractEventDefinition">
					<property name="id" value="before.process.event" />
					<property name="ns" value="org.jwebsocket.eventmodel.event.em.BeforeProcessEvent" />
				</bean>
				<bean parent="AbstractEventDefinition">
					<property name="id" value="after.process.event" />
					<property name="ns" value="org.jwebsocket.eventmodel.event.em.AfterProcessEvent" />
				</bean>
				<bean parent="AbstractEventDefinition">
					<property name="id" value="auth.logon" />
					<property name="ns" value="org.jwebsocket.eventmodel.event.auth.Logon" />
					<property name="responseRequired" value="true" />
					<property name="incomingArgsValidation">
						<set>
							<bean class="org.jwebsocket.eventmodel.filter.validator.Argument" >
								<constructor-arg name="name" value="username" />
								<constructor-arg name="type" value="java.lang.String" />
								<constructor-arg name="optional" value="false" />
							</bean>
							<bean class="org.jwebsocket.eventmodel.filter.validator.Argument" >
								<constructor-arg name="name" value="password" />
								<constructor-arg name="type" value="java.lang.String" />
								<constructor-arg name="optional" value="false" />
							</bean>
						</set>
					</property >
					<property name="outgoingArgsValidation">
						<set>
							<bean class="org.jwebsocket.eventmodel.filter.validator.Argument" >
								<constructor-arg name="name" value="roles" />
								<constructor-arg name="type" value="java.util.List" />
								<constructor-arg name="optional" value="false" />
							</bean>
						</set>
					</property >
				</bean>
				<bean parent="AbstractEventDefinition">
					<property name="id" value="auth.logoff" />
					<property name="ns" value="org.jwebsocket.eventmodel.event.auth.Logoff" />
					<property name="responseRequired" value="true" />
					<property name="securityEnabled" value="true" />
					<property name="roles">
						<set>
							<value>USER</value>
						</set>
					</property>
				</bean>
				<bean parent="AbstractEventDefinition">
					<property name="id" value="plugin.getapi" />
					<property name="ns" value="org.jwebsocket.eventmodel.event.system.GetPlugInAPI" />
					<property name="responseRequired" value="true" />
					<property name="securityEnabled" value="true" />
					<property name="cacheEnabled" value="true" />
					<property name="cacheTime" value="3600" />
					<property name="incomingArgsValidation">
						<set>
							<bean class="org.jwebsocket.eventmodel.filter.validator.Argument" >
								<constructor-arg name="name" value="plugin_id" />
								<constructor-arg name="type" value="java.lang.String" />
								<constructor-arg name="optional" value="false" />
							</bean>
						</set>
					</property >
					<property name="roles">
						<set>
							<value>USER</value>
						</set>
					</property>
					<property name="outgoingArgsValidation">
						<set>
							<bean class="org.jwebsocket.eventmodel.filter.validator.Argument" >
								<constructor-arg name="name" value="id" />
								<constructor-arg name="type" value="java.lang.String" />
								<constructor-arg name="optional" value="false" />
							</bean>
							<bean class="org.jwebsocket.eventmodel.filter.validator.Argument" >
								<constructor-arg name="name" value="api" />
								<constructor-arg name="type" value="java.util.Map" />
								<constructor-arg name="optional" value="false" />
							</bean>
						</set>
					</property>
				</bean>
			</set>
		</property>
	</bean>

</beans>